{"0": -0.09761540591716766, "1": 0.05897408351302147, "2": 0.35385414958000183, "3": 0.14151954650878906, "4": -0.40126508474349976, "5": -0.10637310892343521, "6": -0.3251881003379822, "7": -0.030518870800733566, "8": 0.05060886964201927, "9": 0.19407376646995544, "10": 0.3483668565750122, "11": 0.2460624873638153, "12": 0.2179797887802124, "13": 0.1182580441236496, "14": -0.008930711075663567, "15": 0.039586421102285385, "16": 0.18498003482818604, "17": 0.04791582375764847, "18": -0.023235267028212547, "19": -0.10762438923120499, "20": 0.21276651322841644, "21": 0.05583462119102478, "22": -0.22207586467266083, "23": -0.14973846077919006, "24": 0.516165018081665, "25": -0.11483833193778992, "26": 0.1884503960609436, "27": 0.02251829206943512, "28": -0.115648552775383, "29": 0.29562807083129883, "30": 0.25629401206970215, "31": 0.1642269343137741, "32": -0.08093951642513275, "33": -0.07720432430505753, "34": -0.008331474848091602, "35": -0.20785224437713623, "36": 0.025040917098522186, "37": -0.6948208808898926, "38": 0.26114410161972046, "39": 0.33854764699935913, "40": 0.16981683671474457, "41": -0.3276268243789673, "42": 0.12166497856378555, "43": 0.22659656405448914, "44": 0.10430866479873657, "45": -0.22181124985218048, "46": -0.008516492322087288, "47": 0.13135315477848053, "48": 0.1491178572177887, "49": 0.11341191828250885}